{"coverage": 82.3045267489712, "raw_data": {"meta": {"format": 2, "version": "7.4.3", "timestamp": "2024-07-19T21:24:24.986044", "branch_coverage": false, "show_contexts": false}, "files": {"uw_mazevo/__init__.py": {"executed_lines": [4, 5, 6, 7, 10, 11, 14, 20, 21, 23, 26, 28, 31, 37, 45, 47, 50, 52], "summary": {"covered_lines": 18, "num_statements": 20, "percent_covered": 90.0, "percent_covered_display": "90", "missing_lines": 2, "excluded_lines": 0}, "missing_lines": [24, 48], "excluded_lines": []}, "uw_mazevo/api.py": {"executed_lines": [1, 2, 5, 6, 8, 19, 23, 24, 26, 27, 28, 29, 31, 35, 37, 38, 39, 41, 44, 45, 47, 58, 59, 61, 68, 69, 71, 72, 73, 74, 76], "summary": {"covered_lines": 31, "num_statements": 50, "percent_covered": 62.0, "percent_covered_display": "62", "missing_lines": 19, "excluded_lines": 0}, "missing_lines": [12, 14, 15, 16, 17, 51, 52, 53, 55, 81, 82, 84, 85, 86, 87, 88, 89, 90, 91], "excluded_lines": []}, "uw_mazevo/dao.py": {"executed_lines": [4, 5, 6, 9, 10, 11, 13, 14, 16, 17, 18], "summary": {"covered_lines": 11, "num_statements": 12, "percent_covered": 91.66666666666667, "percent_covered_display": "92", "missing_lines": 1, "excluded_lines": 0}, "missing_lines": [19], "excluded_lines": []}, "uw_mazevo/models.py": {"executed_lines": [1, 3, 6, 7, 8, 9, 14, 15, 16, 17, 19, 22, 23, 24, 25, 26, 27, 28, 31, 32, 33, 34, 36, 40, 41, 42, 43, 45, 48, 49, 57, 58, 59, 60, 61, 62, 63, 64, 65, 66, 67, 68, 70, 73, 74, 75, 76, 77, 78, 79, 80, 81, 82, 83, 84, 85, 86, 87, 90, 91, 92, 93, 94, 95, 96, 97, 98, 99, 100, 101, 102, 103, 104, 105, 106, 108, 109, 110, 111, 112, 113, 114, 115, 116, 117, 118, 119, 120, 121, 122, 123, 124, 125, 126, 127, 130, 131, 132, 133, 134, 135, 136, 137, 138, 139, 140, 142, 143], "summary": {"covered_lines": 108, "num_statements": 129, "percent_covered": 83.72093023255815, "percent_covered_display": "84", "missing_lines": 21, "excluded_lines": 0}, "missing_lines": [20, 37, 46, 50, 51, 52, 53, 54, 71, 144, 145, 146, 147, 148, 149, 150, 151, 152, 153, 154, 155], "excluded_lines": []}, "uw_mazevo/test.py": {"executed_lines": [5, 6, 7, 10, 11, 12, 14, 16], "summary": {"covered_lines": 8, "num_statements": 8, "percent_covered": 100.0, "percent_covered_display": "100", "missing_lines": 0, "excluded_lines": 0}, "missing_lines": [], "excluded_lines": []}, "uw_mazevo/tests/__init__.py": {"executed_lines": [1], "summary": {"covered_lines": 0, "num_statements": 0, "percent_covered": 100.0, "percent_covered_display": "100", "missing_lines": 0, "excluded_lines": 0}, "missing_lines": [], "excluded_lines": []}, "uw_mazevo/tests/test_public_configuration.py": {"executed_lines": [4, 5, 8, 10, 11, 12, 13, 14, 15, 17, 18, 19, 20, 21, 22], "summary": {"covered_lines": 15, "num_statements": 15, "percent_covered": 100.0, "percent_covered_display": "100", "missing_lines": 0, "excluded_lines": 0}, "missing_lines": [], "excluded_lines": []}, "uw_mazevo/tests/test_public_event.py": {"executed_lines": [4, 5, 8, 10, 11, 12, 17, 18, 19], "summary": {"covered_lines": 9, "num_statements": 9, "percent_covered": 100.0, "percent_covered_display": "100", "missing_lines": 0, "excluded_lines": 0}, "missing_lines": [], "excluded_lines": []}}, "totals": {"covered_lines": 200, "num_statements": 243, "percent_covered": 82.3045267489712, "percent_covered_display": "82", "missing_lines": 43, "excluded_lines": 0}}, "coverage_path": "."}